,Asosa [GWh],Awasa [GWh],BahirDar [GWh],DireDawa [GWh],Gambela [GWh],Goba [GWh],Gondar [GWh],Harar [GWh],Jijiga [GWh],Jimma [GWh],Mekelle [GWh],Semera [GWh],AddisAbaba [GWh]
10/1/18,0.034217189,0.780253763,0.261112906,0.071834513,0.149370481,0.170069943,0.072248212,0.0943722,0.0993426,0.680785302,0.172738793,0.124912872,0.861136788
10/2/18,0.060509072,1.122555234,0.421012585,0.0727248,0.100185423,0.2790618,0.068071586,0.0943722,0.0993426,0.485273961,0.187168073,0.1306692,1.23557231
10/3/18,0.183014938,0.974977835,0.621751839,0.07028089,0.283992986,0.2790618,0.136218726,0.094367793,0.090647104,0.634646028,0.187252335,0.1306692,1.235984892
10/4/18,0.115463029,1.076297763,0.734603456,0.0727248,0.122079957,0.278988097,0.087366587,0.0943722,0.0993426,0.714379188,0.18582469,0.1306692,1.284096981
10/5/18,0.150808696,0.907568063,0.817523759,0.0727248,0.194511437,0.2790618,0.130234775,0.0943722,0.0993426,0.837534711,0.18716869,0.1306692,1.284129
10/6/18,0.072178917,1.156499027,0.88628709,0.0727248,0.215227185,0.276248812,0.159933284,0.0943722,0.0993426,0.864994366,0.187092369,0.1306692,1.284129
10/7/18,0.033207936,1.116133091,0.544465645,0.0727248,0.004780003,0.277231558,0.004472649,0.0943722,0.0993426,0.651615327,0.169417316,0.1306692,1.266908873
10/8/18,0.247564738,0.777634272,0.906970266,0.0727248,0.316128655,0.271017238,0.152998084,0.0943722,0.0993426,0.8088563,0.1873056,0.1306692,1.261170705
10/9/18,0.216633753,0.9174203,0.717797019,0.0727248,0.282498068,0.180049691,0.151472957,0.089745725,0.0993426,0.823816209,0.1873056,0.128185767,1.245181938
10/10/18,0.184796727,1.106812824,0.919053256,0.067688819,0.240867604,0.220349887,0.155739945,0.089415723,0.0993426,0.806748683,0.187267088,0.1306692,1.159626816
10/11/18,0.241983108,1.069089116,0.769847499,0.0727248,0.325869593,0.26672515,0.115499796,0.0943722,0.0993426,0.867063663,0.183491047,0.1306692,1.263418234
10/12/18,0.218534057,0.878590413,0.890345381,0.0727248,0.190811398,0.2790618,0.160565569,0.0943722,0.0993426,0.850690415,0.181537669,0.1306692,1.284129
10/13/18,0.220278696,1.118440484,0.903511048,0.0727248,0.276200848,0.277216911,0.1612764,0.0943722,0.0993426,0.861676848,0.1873056,0.1306692,1.284129
10/14/18,0.096095486,0.740660705,0.525534899,0.0727248,0.091387537,0.176371239,0.116107439,0.0943722,0.0993426,0.743157572,0.185972351,0.12836781,1.244108543
10/15/18,0.132825218,0.785210794,0.261388706,0.071275244,0.091843932,0.057883838,0.14409106,0.077723759,0.077115339,0.270895529,0.1873056,0.11585428,0.735517779
10/16/18,0.154379904,0.20004291,0.377557777,0.025910407,0.068582092,0.060913798,0.159128099,0.029154067,0.039079763,0.157976414,0.178133154,0.124838775,0.813028445
10/17/18,0.128058395,0.537675455,0.41658016,0.067439088,0.098421603,0.151730597,0.153942946,0.062633534,0.01402113,0.374236853,0.186235463,0.109965906,0.965589444
10/18/18,0.136626007,0.430654274,0.263686541,0.027096008,0.187737853,0.167117022,0.048013457,0.048891141,0.013905136,0.080284823,0.131619448,0.044886296,0.739595997
10/19/18,0.00247997,0.403555767,0.043030217,0.063864037,0.055859828,0.277154641,0.001412951,0.0943722,0.0993426,0.156259292,0.067170462,0.058129258,0.78601271
10/20/18,0.14132329,1.156558466,0.31238987,0.070322484,0.161664159,0.2790618,0.012805702,0.0943722,0.0993426,0.728647373,0.00415998,0.084489902,1.216524645
10/21/18,0.153800288,1.13191612,0.446424998,0.034118794,0.193070039,0.2790618,0.042103571,0.024065015,0.058960942,0.858993575,0.080251186,0.011249653,1.171583945
10/22/18,0.045088606,1.143369295,0.53906495,0.038905049,0.067280005,0.2790618,0.064287652,0.013872656,0.009682848,0.627145168,0.183183399,0.02710821,1.105780305
10/23/18,0.192336972,1.161161757,0.919245028,0.058190193,0.140945058,0.276321898,0.156364651,0.086740859,0.096175341,0.690322632,0.186884588,0.1306692,1.219310617
10/24/18,0.129371621,1.035288131,0.724908758,0.071545822,0.017586308,0.279022266,0.157024229,0.093211648,0.082523011,0.456276384,0.187284354,0.1306692,1.187344834
10/25/18,0.009656482,0.409655722,0.784823503,0.046526815,0.099870558,0.2354007,0.1612764,0.02055796,5.83E-05,0.370939092,0.187297702,0.120657337,1.108583648
10/26/18,0.192638915,0.873436756,0.927764911,0.045759541,0.149747947,0.115519541,0.137429457,0.01523851,0.097572287,0.702059675,0.187216165,0.1306692,1.257056721
10/27/18,0.131903082,0.884319555,0.920010242,0.0727248,0.126475468,0.080578447,0.160581844,0.091144182,0.0993426,0.758244364,0.1873056,0.129928277,1.196936494
10/28/18,0.046337816,1.104851761,0.790941298,0.0727248,0.118707035,0.278816295,0.144031174,0.0943722,0.0993426,0.823907497,0.1873056,0.130433264,1.284129
10/29/18,0.064707914,1.149863141,0.544220395,0.0727248,0.064979616,0.27855693,0.089040823,0.0943722,0.0993426,0.81967983,0.187211247,0.1306692,1.282675894
10/30/18,0.092789912,1.156141966,0.501546298,0.0727248,0.158500477,0.2790618,0.059214298,0.0943722,0.0993426,0.760358283,0.186499468,0.1306692,1.279707943
10/31/18,0.108754111,1.153596135,0.92639628,0.0727248,0.227715775,0.2790618,0.160344077,0.0943722,0.0993426,0.842167977,0.1873056,0.1306692,1.283678183
11/1/18,0.097015823,1.1679132,0.887914,0.0727248,0.184257155,0.2790618,0.159140192,0.0943722,0.0993426,0.834009753,0.1873056,0.1306692,1.284129
11/2/18,0.162105758,1.165926845,0.603234698,0.0727248,0.279305751,0.2790618,0.021838481,0.0943722,0.0993426,0.859159459,0.178482146,0.1306692,1.284129
11/3/18,0.065924706,1.164260167,0.83800273,0.0727248,0.176242355,0.278851613,0.153820555,0.0943722,0.0993426,0.686104502,0.187248716,0.1306692,1.275045894
11/4/18,0.145537726,1.00376482,0.664360578,0.0727248,0.07107808,0.278767543,0.145059159,0.0943722,0.0993426,0.53826678,0.1873056,0.130099877,0.988167261
11/5/18,0.221331185,0.635128438,0.687796046,0.04189254,0.272812183,0.067483412,0.117781738,0.076078168,0.0993426,0.656527608,0.175773294,0.083958144,0.844376505
11/6/18,0.259311,0.760949267,0.827437649,0.072386325,0.263727097,0.277686484,0.159722203,0.092668287,0.099240828,0.551563077,0.1873056,0.130098057,1.053148463
11/7/18,0.212139185,0.549722936,0.754268759,0.072254078,0.045788776,0.269350411,0.158616225,0.0943722,0.0993426,0.319238093,0.18715102,0.1306692,0.986014426
11/8/18,0.245281508,0.824448239,0.81424073,0.052861509,0.309846423,0.277987469,0.1556165,0.0943722,0.096935595,0.664787551,0.181356542,0.117676677,0.773750636
11/9/18,0.249492655,0.84624628,0.725121648,0.072638702,0.267927237,0.277160559,0.157765897,0.0943722,0.09824665,0.796599165,0.154437118,0.059888544,1.071620045
11/10/18,0.165038284,0.460848253,0.855837514,0.044843404,0.127182435,0.199615809,0.153201927,0.086861323,0.024836299,0.648989789,0.157656376,0.092079549,1.01899212
11/11/18,0.191391482,0.606379092,0.528371198,0.028915395,0.291488183,0.0663118,0.152699196,0.008168813,0.060987821,0.54600578,0.161926483,0.064428953,1.131795198
11/12/18,0.204730825,1.12050084,0.92190812,0.0727248,0.172902038,0.222748525,0.1612764,0.0943722,0.0993426,0.725287022,0.1873056,0.1306692,1.246844273
11/13/18,0.259311,1.165599164,0.929007,0.0727248,0.295286365,0.279051837,0.1612764,0.0943722,0.0993426,0.848887742,0.178037109,0.1306692,1.284129
11/14/18,0.242453256,1.163745994,0.929007,0.0727248,0.307594509,0.2790618,0.161266139,0.0943722,0.0993426,0.853020375,0.165613408,0.1306692,1.283857522
11/15/18,0.254183572,1.072294313,0.682774936,0.072539319,0.141851685,0.25765437,0.155661495,0.094139979,0.077381591,0.521180434,0.080964748,0.127866921,1.228860039
11/16/18,0.242069627,0.650331128,0.911138153,0.058672044,0.299306634,0.130761488,0.155274023,0.093742629,0.076006376,0.622059892,0.161174628,0.051527286,1.211131615
11/17/18,0.199976041,0.335224944,0.343395665,0.072080497,0.203891014,0.080234357,0.132458418,0.0943722,0.0993426,0.599424892,0.130587961,0.13007795,1.098285959
11/18/18,0.25465934,1.115779266,0.929007,0.0727248,0.32362926,0.273406957,0.1612764,0.0943722,0.0993426,0.840913796,0.1873056,0.1306692,1.256434655
11/19/18,0.259311,1.155697536,0.92378573,0.0727248,0.279976825,0.2790618,0.1612764,0.0943722,0.0993426,0.761992431,0.1873056,0.1306692,1.284129
11/20/18,0.259311,1.1679132,0.929007,0.0727248,0.3539448,0.2790618,0.1612764,0.0943722,0.0993426,0.874398,0.1873056,0.1306692,1.284129
11/21/18,0.244800375,1.167898213,0.929007,0.0727248,0.344484941,0.2790618,0.1612764,0.0943722,0.0993426,0.874398,0.1873056,0.1306692,1.284129
11/22/18,0.255072199,1.1679132,0.929007,0.0727248,0.3539448,0.2790618,0.1612764,0.0943722,0.0993426,0.874398,0.1873056,0.1306692,1.284129
11/23/18,0.258558346,1.1679132,0.874342308,0.0727248,0.3539448,0.2790618,0.158678091,0.0943722,0.0993426,0.874398,0.186755235,0.1306692,1.249454567
11/24/18,0.259311,1.1679132,0.927852622,0.0727248,0.3539448,0.2790618,0.1612764,0.0943722,0.0993426,0.874398,0.1873056,0.1306692,1.284129
11/25/18,0.25841505,0.954950533,0.871989441,0.039188246,0.3539448,0.05756811,0.1606376,0.078035271,0.090687053,0.856437099,0.064963372,0.061752199,0.721477216
11/26/18,0.249251258,1.004243909,0.784639055,0.072313495,0.260616956,0.201429147,0.117568869,0.0943722,0.0993426,0.749972627,0.097877444,0.129774346,1.212084513
11/27/18,0.202090684,1.019058287,0.747597789,0.0727248,0.232891061,0.274694583,0.134197053,0.0943722,0.0993426,0.686251482,0.187305451,0.122395461,1.279588128
11/28/18,0.16202735,1.16756968,0.928362878,0.072467293,0.283687147,0.273199814,0.153180191,0.0943722,0.098489473,0.816742791,0.185702874,0.100579133,1.284094086
11/29/18,0.25134772,1.087230889,0.929007,0.0727248,0.315306514,0.261961361,0.1612764,0.0943722,0.0993426,0.830098016,0.1873056,0.1306692,1.284129
11/30/18,0.165229853,1.165428852,0.880528058,0.0727248,0.310023378,0.2790618,0.1612764,0.0943722,0.0993426,0.874363852,0.1873056,0.1306692,1.284129
12/1/18,0.253706037,1.1679132,0.913184969,0.072722937,0.351293609,0.2790618,0.1612764,0.094371423,0.0993426,0.874016245,0.1873056,0.123933596,1.283196028
12/2/18,0.213626034,1.148240403,0.928131423,0.072500259,0.216495438,0.277316012,0.1612764,0.093223527,0.0993426,0.864700066,0.1873056,0.130658013,1.260670497
12/3/18,0.246708812,1.05304372,0.876432298,0.067311524,0.298632793,0.277765168,0.160835802,0.0943722,0.0993426,0.726682988,0.179797842,0.127599722,1.259455488
12/4/18,0.259311,1.135294354,0.921692759,0.072347861,0.337714189,0.2790618,0.152527234,0.094370955,0.0993426,0.663196747,0.186885141,0.128450465,1.273134647
12/5/18,0.257468836,1.167813227,0.925101223,0.0727248,0.316745101,0.2790618,0.160550528,0.0943722,0.0993426,0.86579245,0.18674706,0.1306692,1.282680152
12/6/18,0.259309765,1.167050823,0.929007,0.072716806,0.32378648,0.2790618,0.1612764,0.0943722,0.0993426,0.869856447,0.1873056,0.1306692,1.281239308
12/7/18,0.259311,1.162878933,0.929007,0.0727248,0.336362845,0.2790618,0.1612764,0.0943722,0.0993426,0.842818656,0.1873056,0.1306692,1.281453731
12/8/18,0.259295544,1.050595648,0.907225734,0.0727248,0.318204977,0.223629595,0.1612764,0.0943722,0.0993426,0.7173835,0.1873056,0.1306692,1.275555724
12/9/18,0.256687783,1.04915242,0.765748503,0.0727248,0.257163061,0.279060906,0.160154168,0.0943722,0.0993426,0.637293706,0.185020389,0.124084621,1.283908616
12/10/18,0.258813986,1.118388369,0.863178494,0.0727248,0.334056898,0.2790618,0.161145877,0.0943722,0.0993426,0.69625666,0.184885502,0.1306692,1.217019403
12/11/18,0.254849834,0.876022526,0.52949228,0.072686469,0.293825509,0.176351547,0.133424154,0.0943722,0.0993426,0.644218953,0.18226154,0.114148749,1.209634057
12/12/18,0.257339399,1.13200068,0.696630496,0.0727248,0.338630108,0.279038488,0.148525114,0.0943722,0.0993426,0.821654603,0.179390497,0.1306692,1.270545982
12/13/18,0.259154781,1.165577875,0.929007,0.0727248,0.328354027,0.2790618,0.1612764,0.0943722,0.0993426,0.825321431,0.1873056,0.130076662,1.280038349
12/14/18,0.259311,1.154453488,0.929007,0.0727248,0.353499348,0.279045833,0.161060124,0.0943722,0.0993426,0.822438381,0.1873056,0.1306692,1.273613566
12/15/18,0.25915972,1.16592957,0.929007,0.0727248,0.353476143,0.278655945,0.1612764,0.0943722,0.0993426,0.874392465,0.1873056,0.1306692,1.284129
12/16/18,0.247218089,1.1679132,0.863646513,0.0727248,0.295639593,0.27902761,0.15901085,0.0943722,0.0993426,0.874378159,0.187036804,0.130545053,1.282097002
12/17/18,0.259311,1.13698147,0.913309127,0.0727248,0.351443378,0.263165087,0.161163334,0.0943722,0.0993426,0.856335423,0.187282714,0.130135036,1.255918523
12/18/18,0.259311,1.164803379,0.925396375,0.0727248,0.353593296,0.265509864,0.1612764,0.0943722,0.0993426,0.852541712,0.1873056,0.1306692,1.279056923
12/19/18,0.259311,1.161800514,0.929007,0.0727248,0.352682827,0.2790618,0.1612764,0.0943722,0.0993426,0.860608819,0.1873056,0.128162519,1.284129
12/20/18,0.259311,1.161916071,0.923730804,0.071371327,0.353120743,0.274616133,0.1612764,0.091389762,0.0993426,0.873648029,0.1873056,0.126350884,1.2841181
12/21/18,0.238015977,1.158171155,0.853073172,0.072062338,0.300621446,0.263058578,0.158279177,0.094079433,0.09931948,0.687011544,0.17040912,0.13066028,1.220769003
12/22/18,0.257040436,0.920275078,0.927455283,0.068230908,0.329495972,0.165901577,0.141622125,0.08290425,0.092907747,0.812792903,0.181725332,0.093473056,1.241309798
12/23/18,0.248448128,1.11928532,0.709900437,0.037985526,0.350426612,0.270103299,0.160517115,0.082139904,0.099315808,0.830284934,0.178510897,0.130600234,0.885594173
12/24/18,0.257635721,1.166709772,0.913156952,0.06898313,0.323363807,0.279059586,0.155738689,0.075840305,0.091083338,0.833312153,0.183368018,0.130663047,1.279217869
12/25/18,0.257375867,1.067797466,0.861959567,0.071623559,0.321062608,0.27454128,0.159485905,0.090983599,0.096354318,0.824142528,0.176238332,0.130669136,1.273859327
12/26/18,0.256581146,1.131268081,0.928730327,0.0727248,0.314898403,0.24859383,0.1612764,0.0943722,0.0993426,0.860763548,0.18396177,0.1306692,1.284129
12/27/18,0.253404541,1.14279168,0.860993555,0.0727248,0.245606571,0.2790618,0.157349377,0.0943722,0.0993426,0.849192005,0.186750573,0.128648985,1.179292459
12/28/18,0.259311,1.160985569,0.760135173,0.072381056,0.349422173,0.2790618,0.161080413,0.0943722,0.0993426,0.733664013,0.187290634,0.096389573,1.250926238
12/29/18,0.2556879,0.85932611,0.921851576,0.0727248,0.349636511,0.278308316,0.1612764,0.093681881,0.0993426,0.821669505,0.1873056,0.125814985,1.274566975
12/30/18,0.259311,1.052085287,0.927269302,0.047418028,0.349460089,0.2790618,0.1612764,0.090015351,0.0993426,0.805848411,0.184838709,0.130086316,1.280982051
12/31/18,0.259311,1.150668293,0.928903705,0.0727248,0.327813923,0.276812653,0.1612764,0.0943722,0.0993426,0.807401661,0.166685791,0.051040181,1.278941111
1/1/18,0.259311,1.1679132,0.92881872,0.072724348,0.3539448,0.2790618,0.16123478,0.0943722,0.0993426,0.874398,0.187178142,0.128772206,1.279226555
1/2/18,0.253309422,1.081317213,0.846917056,0.0727248,0.352660516,0.2790618,0.161262594,0.0943722,0.0993426,0.78441833,0.1873056,0.1306692,1.248790689
1/3/18,0.259311,1.1679132,0.929007,0.0727248,0.28063636,0.2790618,0.160289269,0.0943722,0.0993426,0.782008408,0.186604551,0.1306692,1.260947255
1/4/18,0.259311,1.082403211,0.926554585,0.0727248,0.350422461,0.26184244,0.161262945,0.0943722,0.0993426,0.86938383,0.1873056,0.100718438,1.262194538
1/5/18,0.259311,1.1679132,0.925313433,0.068993796,0.3539448,0.278856659,0.159960225,0.094371018,0.0993426,0.874398,0.158334507,0.107833125,1.272792659
1/6/18,0.259245408,1.166234089,0.92834738,0.0727248,0.317501204,0.2790618,0.161214758,0.0943722,0.0993426,0.83215505,0.1873056,0.1306692,1.284129
1/7/18,0.259311,1.155001724,0.916716228,0.0727248,0.353090044,0.274698521,0.1612764,0.0943722,0.0993426,0.874398,0.1873056,0.1306692,1.284129
1/8/18,0.259311,1.167623754,0.929007,0.0727248,0.3539448,0.278945966,0.161276379,0.0943722,0.0993426,0.874398,0.1873056,0.1306692,1.284129
1/9/18,0.259212048,1.167428661,0.929007,0.072419366,0.321877447,0.2790618,0.1612764,0.090976775,0.0993426,0.874344011,0.1873056,0.1306692,1.284129
1/10/18,0.259291925,0.965300764,0.929007,0.070834874,0.347348597,0.269007444,0.1612764,0.05903671,0.097154723,0.868673456,0.1873056,0.1306692,1.284129
1/11/18,0.257260565,0.973048535,0.643017824,0.064971739,0.330887425,0.128710202,0.160434758,0.070197586,0.098727293,0.806304678,0.153156762,0.010623978,1.091518421
1/12/18,0.259311,1.130067974,0.925500521,0.0727248,0.348611592,0.2790618,0.158520094,0.0943722,0.0993426,0.571302807,0.185376087,0.1306692,1.284129
1/13/18,0.259255776,1.159846093,0.925621188,0.0727248,0.35391706,0.2790618,0.1612764,0.0943722,0.0993426,0.870805769,0.1873056,0.1306692,1.281425119
1/14/18,0.259311,1.1679132,0.929007,0.072694974,0.35394463,0.2790618,0.1612764,0.094308088,0.0993426,0.845133544,0.1873056,0.1306692,1.281764637
1/15/18,0.259311,1.1679132,0.92853549,0.0727248,0.347909585,0.2790618,0.1612764,0.0943722,0.0993426,0.872521667,0.1873056,0.1306692,1.284129
1/16/18,0.258977613,1.1679132,0.929007,0.070470773,0.353366461,0.279048579,0.161276251,0.085373867,0.0993426,0.874398,0.187293678,0.1306692,1.284129
1/17/18,0.259311,1.167192182,0.929007,0.0727248,0.3539448,0.2790618,0.1612764,0.0943722,0.0993426,0.860116445,0.1873056,0.1306692,1.284129
1/18/18,0.258739942,1.1667796,0.929007,0.072284377,0.353888363,0.278932107,0.1612764,0.08218452,0.0993426,0.874398,0.1873056,0.1306692,1.283100398
1/19/18,0.259292713,1.158302977,0.922584345,0.072724784,0.353307874,0.189701343,0.1612764,0.093722511,0.099138949,0.757656956,0.1873056,0.1306692,1.256086366
1/20/18,0.257558271,0.821875073,0.877951826,0.057618406,0.347844057,0.277889113,0.158942565,0.088852798,0.099342557,0.82595048,0.184517244,0.023469116,0.98397587
1/21/18,0.259311,1.021804831,0.923315497,0.0727248,0.341856743,0.278538685,0.1612764,0.0943722,0.0993426,0.730819198,0.186821402,0.072209136,0.965300168
1/22/18,0.259311,1.15552254,0.929007,0.0727248,0.3539448,0.279024778,0.160844275,0.0943722,0.0993426,0.872587408,0.156533069,0.127603234,1.275398015
1/23/18,0.259311,1.150377655,0.929007,0.072724795,0.351785301,0.276807224,0.1612764,0.094256792,0.0993426,0.854094706,0.1873056,0.1306692,1.276053803
1/24/18,0.255325943,1.1679132,0.929007,0.068995669,0.341523739,0.2790618,0.1612764,0.0943722,0.0993426,0.867304995,0.1873056,0.128344349,1.261526573
1/25/18,0.259311,1.060959079,0.929007,0.06853549,0.341195675,0.2790618,0.1612764,0.078932339,0.097472526,0.632672617,0.1873056,0.1306692,1.283328872
1/26/18,0.259302186,1.120541289,0.929007,0.072009189,0.276995526,0.2790618,0.160907748,0.078775886,0.096879445,0.661225252,0.187253846,0.1306692,1.284129
1/27/18,0.257988928,1.159109406,0.923533838,0.064763478,0.353853427,0.2790618,0.16111273,0.084089221,0.099341791,0.87439783,0.1873056,0.1306692,1.254837975
1/28/18,0.256922282,1.165750231,0.905206339,0.070802291,0.3539448,0.269960321,0.160588242,0.094299242,0.098524972,0.87370883,0.1873056,0.1306692,1.272286065
1/29/18,0.259173664,0.755886728,0.913672233,0.072012308,0.307568323,0.274756279,0.1612764,0.0943722,0.0993426,0.727607104,0.1869241,0.123380889,1.047569366
1/30/18,0.258992643,0.904826798,0.928920481,0.047294036,0.3539448,0.157447094,0.1612764,0.0817363,0.09933384,0.835425646,0.186113902,0.1306692,0.981106445
1/31/18,0.257579539,0.956846877,0.540195314,0.068826709,0.353944779,0.270388636,0.158653822,0.090972613,0.0993426,0.856058409,0.1873056,0.1306692,1.169487484
2/1/18,0.259311,1.1679132,0.309385259,0.0727248,0.351850339,0.2790618,0.154523254,0.0943722,0.0993426,0.874398,0.1873056,0.1306692,1.267941563
2/2/18,0.259184117,1.1679132,0.929007,0.0727248,0.351327438,0.2790618,0.15976081,0.0943722,0.0993426,0.847279481,0.185537245,0.1306692,1.280155439
2/3/18,0.259311,1.1679132,0.929007,0.0727248,0.353550399,0.2790618,0.132799107,0.094347398,0.0993426,0.865111285,0.181998535,0.130602438,1.284129
2/4/18,0.259183691,1.160538328,0.912257447,0.0727248,0.349483911,0.269995342,0.14923487,0.0943722,0.0993426,0.873036352,0.153917921,0.105017689,1.280124442
2/5/18,0.225666958,1.167816463,0.909026108,0.0727248,0.351791901,0.260266985,0.161094783,0.0943722,0.0993426,0.873952803,0.178787207,0.1306692,1.239230282
2/6/18,0.242662378,1.167350488,0.732771916,0.0727248,0.303280025,0.2790618,0.1612764,0.0943722,0.0993426,0.874398,0.1873056,0.122024553,1.207393852
2/7/18,0.232084801,1.166570116,0.928432536,0.072605954,0.346769875,0.270562291,0.152489446,0.094053162,0.0993426,0.804437031,0.170876958,0.1306692,1.098129101
2/8/18,0.2589906,1.1679132,0.830020183,0.072637217,0.334795608,0.2790618,0.160956404,0.093452385,0.099112284,0.852119422,0.178128822,0.116144514,1.196703251
2/9/18,0.257817594,1.1679132,0.775113051,0.069639483,0.353944417,0.274751957,0.1612764,0.0943722,0.0993426,0.871573027,0.1873056,0.123004839,1.284129
2/10/18,0.226347122,1.164422986,0.713517491,0.072723432,0.3539448,0.2790618,0.1612764,0.0943722,0.0993426,0.874398,0.1873056,0.129904784,1.263509947
2/11/18,0.257249176,1.1679132,0.8936038,0.072398987,0.35344638,0.2790618,0.152433147,0.093933518,0.0993426,0.865677489,0.18228913,0.123023584,1.265549609
2/12/18,0.259294331,1.1679132,0.256550277,0.072689332,0.353100007,0.279058138,0.160013448,0.0943722,0.0993426,0.857807263,0.18210102,0.122392162,1.202202982
2/13/18,0.259161508,1.166732934,0.916091692,0.071531867,0.345161742,0.278510286,0.161241465,0.091149142,0.09934227,0.791411616,0.186042158,0.115681743,1.021501675
2/14/18,0.251942366,1.160567877,0.881543461,0.0727248,0.31355732,0.2790618,0.160739809,0.0943722,0.0993426,0.869304464,0.187185104,0.129740699,1.252996727
2/15/18,0.179876271,1.1679132,0.914868167,0.072720595,0.298032718,0.278636487,0.1466628,0.0943722,0.0993426,0.874358998,0.165121886,0.123391853,1.2730328
2/16/18,0.259311,1.1679132,0.929007,0.0727248,0.338431992,0.2790618,0.1612764,0.0943722,0.099341472,0.874398,0.1873056,0.130669008,1.284129
2/17/18,0.25840564,1.167248641,0.929007,0.072316423,0.351480357,0.2790618,0.158890982,0.0943722,0.0993426,0.793545547,0.178203142,0.127899344,1.141351859
2/18/18,0.259311,0.972578132,0.926500255,0.071317912,0.334112995,0.208957769,0.1612764,0.094349857,0.098656092,0.731735394,0.183110718,0.126351736,1.132562797
2/19/18,0.217790622,0.072655515,0.696055606,0.065239422,0.186393066,0.22574594,0.145761357,0.050749362,0.095929857,0.202904905,0.187291805,0.124811525,0.856697763
2/20/18,0.258904166,0.322435604,0.777418656,0.011224871,0.34058983,0.052877454,0.161147537,0.055549689,0.056257912,0.677665561,0.184092612,0.039898678,0.324358155
2/21/18,0.257088358,0.435379339,0.72066985,0.027645024,0.340203604,0.25826179,0.159306182,0.048830675,0.073590051,0.625343389,0.146697203,0.04683003,1.091870883
2/22/18,0.259311,0.646159621,0.888279491,0.053645276,0.349314216,0.087320283,0.1612764,0.084428185,0.0993426,0.495258616,0.172051146,0.110286871,1.006113174
2/23/18,0.259311,0.893771728,0.904556767,0.0727248,0.344872402,0.278173514,0.127708158,0.0943722,0.0993426,0.583041255,0.185304833,0.128419383,1.2120691
2/24/18,0.229764613,1.067486816,0.863090016,0.0727248,0.307112333,0.278990801,0.161275942,0.0943722,0.0993426,0.715441341,0.1873056,0.1306692,1.250617887
2/25/18,0.222235927,0.555314679,0.929007,0.055559205,0.132476492,0.234572875,0.1612764,0.050817982,0.072137743,0.280893979,0.1873056,0.107644334,0.981137613
2/26/18,0.259196656,1.115379969,0.924781717,0.066768674,0.309360564,0.207802241,0.159838313,0.090911375,0.099210044,0.822390013,0.187189873,0.128125881,1.247393871
2/27/18,0.258381711,0.776409044,0.925379429,0.064816052,0.353944289,0.193961881,0.156552165,0.069890502,0.099165677,0.808068945,0.17262892,0.063350662,0.988847148
2/28/18,0.259182095,0.936927638,0.928749828,0.071275973,0.3539448,0.249373308,0.1612764,0.090823909,0.088236628,0.861315956,0.159874281,0.031896482,1.017617869
3/1/18,0.259307232,0.929597388,0.873526937,0.0727248,0.34864591,0.132296621,0.160866777,0.0943722,0.097300755,0.75161793,0.1873056,0.126675127,1.284128404
3/2/18,0.259311,0.82441341,0.928862405,0.05222966,0.3539448,0.254401614,0.1612764,0.029883345,0.098342993,0.77286433,0.187305174,0.1306692,1.255548519
3/3/18,0.259311,0.827233785,0.822549595,0.041041528,0.3539448,0.164139236,0.161005071,0.06135973,0.098011374,0.847377666,0.187244841,0.123935704,1.246517784
3/4/18,0.259311,0.039867277,0.92887092,0.029492228,0.333319871,0.017965016,0.1612764,0.068954278,0.0993426,0.627238456,0.1873056,0.1306692,0.564483707
3/5/18,0.259302421,0.109330193,0.924893187,0.040011199,0.347386449,6.66E-05,0.156827774,0.017119073,0.09929983,0.611285455,0.1873056,0.1306692,0.992580143
3/6/18,0.259311,0.42396657,0.885166178,0.044194617,0.342509678,0.257219307,0.158797427,0.081606703,0.0993426,0.393143244,0.060783744,0.031953648,0.72928894
3/7/18,0.259311,1.010851183,0.806926148,0.071868235,0.337851951,0.239931737,0.159618855,0.093689492,0.093390625,0.62159413,0.1873056,0.106288838,1.209589861
3/8/18,0.259307977,1.155959817,0.918940169,0.0727248,0.35376925,0.2790618,0.1612764,0.0943722,0.095233172,0.872660216,0.1873056,0.1306692,1.280871177
3/9/18,0.259311,1.1679132,0.929007,0.0727248,0.348892927,0.2790618,0.161265681,0.0943722,0.0993426,0.849159305,0.1873056,0.13003667,1.284129
3/10/18,0.259311,1.1679132,0.906572501,0.072451597,0.3539448,0.2790618,0.15995898,0.0943722,0.0993426,0.842645619,0.1873056,0.13066903,1.284129
3/11/18,0.190155077,1.1679132,0.927273815,0.0727248,0.29946462,0.2790618,0.161215173,0.0943722,0.0993426,0.851142339,0.187045341,0.1306692,1.282330159
3/12/18,0.25910143,1.1679132,0.900750538,0.0727248,0.290232043,0.2790618,0.160519414,0.0943722,0.0993426,0.872717356,0.187298788,0.1306692,1.283699642
3/13/18,0.259310681,1.123539811,0.918784503,0.0727248,0.3539448,0.271841551,0.1612764,0.0943722,0.0993426,0.87407083,0.1873056,0.1306692,1.247599779
3/14/18,0.259311,0.223618418,0.929007,0.060134613,0.353309662,0.101907379,0.1612764,0.054328799,0.010538716,0.561864429,0.1873056,0.1306692,1.114153548
3/15/18,0.259307572,0.688048109,0.729932466,0.067490192,0.343386532,0.260217765,0.158485596,0.093778331,0.0993426,0.602091773,0.12889976,0.039906446,0.700599671
3/16/18,0.259311,0.687926037,0.929007,0.065709011,0.293528016,0.279036423,0.1612764,0.076413588,0.097894263,0.663440507,0.1873056,0.109797573,1.263318856
3/17/18,0.259311,0.59958456,0.914182319,0.0727248,0.352608784,0.247753125,0.1612285,0.0943722,0.097197929,0.772097072,0.187278478,0.121494061,1.035596652
3/18/18,0.259311,0.81526533,0.929007,0.0727248,0.350149684,0.2790618,0.1612764,0.0943722,0.0993426,0.704162439,0.18727175,0.1306692,1.284129
3/19/18,0.259311,1.105076914,0.901753934,0.0727248,0.296977653,0.2790618,0.1612764,0.0943722,0.0993426,0.783721922,0.1873056,0.1306692,1.284129
3/20/18,0.259311,0.857000493,0.899972636,0.0727248,0.320533745,0.2790618,0.161233332,0.0943722,0.0993426,0.658707608,0.1873056,0.1306692,1.257396665
3/21/18,0.259311,1.02837702,0.889652209,0.071964568,0.297633654,0.278596123,0.1612764,0.0943722,0.0993426,0.597521395,0.175925755,0.047816938,1.145291102
3/22/18,0.259311,1.030464285,0.929007,0.0727248,0.326163425,0.267700594,0.160393936,0.0943722,0.0993426,0.821837008,0.186850738,0.1306692,1.28364923
3/23/18,0.257704208,0.970338182,0.928910603,0.072673813,0.240640513,0.158090023,0.1612764,0.092338435,0.0993426,0.7938034,0.1873056,0.1306692,1.282161891
3/24/18,0.244969921,1.02159458,0.929007,0.072647074,0.21772948,0.2790618,0.1612764,0.0943722,0.0993426,0.693217817,0.187294487,0.130669072,1.278140898
3/25/18,0.259311,0.980324966,0.929007,0.072608998,0.290368868,0.278968831,0.1612764,0.0943722,0.0993426,0.710158716,0.179386516,0.129391005,1.284129
3/26/18,0.249890803,1.1679132,0.929007,0.0727248,0.148392366,0.2790618,0.1612764,0.0943722,0.0993426,0.797981251,0.1873056,0.1306692,1.284129
3/27/18,0.146759367,1.1679132,0.929007,0.0727248,0.113091151,0.2790618,0.1612764,0.0943722,0.0993426,0.846409355,0.1873056,0.1306692,1.284129
3/28/18,0.008135098,1.165909984,0.628464962,0.0727248,0.113268404,0.2790618,0.1466443,0.0943722,0.0993426,0.865803861,0.1873056,0.1306692,1.284128063
3/29/18,0.11627542,1.1330877,0.424452813,0.072377916,0.053733493,0.2790618,0.083641837,0.0943722,0.0993426,0.213725114,0.078338779,0.013336786,1.075514241
3/30/18,0.140013268,1.033972212,0.473385127,0.072166313,0.28578578,0.2790618,0.029582627,0.092839686,0.095076283,0.387501046,0.152078993,0.129982383,1.104450334
3/31/18,0.252879617,0.680376212,0.53704828,0.036122345,0.159561098,0.278691903,0.160733454,0.055079536,0.060460331,0.301548159,0.159964664,0.1306692,0.845156706
4/1/18,0.238552354,0.496745998,0.642563132,0.071942555,0.29868576,0.198534814,0.142338959,0.069964987,0.067758562,0.507505405,0.077041988,0.130645271,0.954010238
4/2/18,0.259311,0.71880578,0.831436842,0.070883626,0.265593743,0.211562443,0.161129325,0.092593094,0.098791703,0.490906877,0.172501686,0.090165907,1.172163859
4/3/18,0.259311,0.843080171,0.855221749,0.059219088,0.346365085,0.273353713,0.159263753,0.065407941,0.084864579,0.802145051,0.182151177,0.091272055,1.154695417
4/4/18,0.235300727,0.118883522,0.861596887,0.036293628,0.207217814,0.177862741,0.161211,0.085393884,0.083091339,0.213612026,0.166852729,0.053948454,0.815305183
4/5/18,0.202659527,0.610606887,0.793952083,0.026621185,0.152684518,0.15213477,0.155317166,0.061398795,0.027963258,0.493636049,0.121308463,0.096187997,1.139431841
4/6/18,0.259000605,0.278051783,0.846372567,0.071211733,0.273307068,0.046099086,0.160326173,0.0943722,0.0993426,0.623644011,0.186232461,0.116052811,0.973780368
4/7/18,0.256078298,0.086764128,0.928961101,0.02415271,0.258959858,0.067966801,0.16122289,1.70E-05,0,0.631719293,0.186619496,0.098991554,0.949397749
4/8/18,0.259311,0.429804159,0.928822552,0.022751919,0.240707468,0.141143621,0.161251875,0.067356726,0.072132134,0.508271982,0.185513913,0.115276218,0.832256982
4/9/18,0.259311,0.600974906,0.928348998,0.049390199,0.328242813,0.248839549,0.129819277,0.014878499,0.057646225,0.76847478,0.13947591,0.129793528,1.019891115
4/10/18,0.259311,0.203839112,0.92821973,0.040589548,0.3539448,0.040403314,0.160321926,0.00070984,0.01217536,0.660435173,0.186971979,0.122732233,0.680153102
4/11/18,0.259311,0.506337913,0.836811649,0.061283366,0.3539448,0.20061846,0.143811992,0.094363589,0.09894838,0.84669582,0.1873056,0.1306692,1.24542855
4/12/18,0.259311,0.947641742,0.909624927,0.053188541,0.336478231,0.17855092,0.150792942,0.083860933,0.075815003,0.736196559,0.187274348,0.113865722,1.059481703
4/13/18,0.259311,0.630847846,0.890908094,0.04833366,0.266863061,0.189826906,0.1612764,0.051136413,0.032180528,0.720019767,0.184849992,0.126941336,1.174534269
4/14/18,0.248802846,0.214008003,0.910080002,0.003559827,0.18613683,0.011400865,0.149801861,0,0.000134711,0.422966197,0.169515267,0.111788697,0.594556595
4/15/18,0.257831517,0.193793633,0.908935161,0.013444244,0.290677836,0.000110043,0.120267321,0.007540297,0.019356886,0.768550825,0.170053753,0.107535579,1.217847463
4/16/18,0.257862918,0.012095345,0.919953698,0.002859492,0.233844044,0,0.155148705,0,3.54E-05,0.374456769,0.185820007,0.095811096,0.85601498
4/17/18,0.24686618,0.565264377,0.88021843,0.00246218,0.345242044,0.000531397,0.1612764,0.000125536,0.001778899,0.718797264,0.187284886,0.095461689,0.778982806
4/18/18,0.259311,0.083100041,0.928353852,0.002412924,0.216494906,0.026394888,0.16082999,0,0.002097516,0.098958641,0.12974254,0.032184805,0.614941
4/19/18,0.241147257,0.054097988,0.791185186,0.00809244,0.12807681,0.017517934,0.084459901,0.007192407,0.035328779,0.173819713,0.162138671,0.118667044,0.983372027
4/20/18,0.255020488,0.124146955,0.891628601,0.014387546,0.184259071,0.018035991,0.139283904,0.011169772,0.072030202,0.165132403,0.186650472,0.1306692,1.185965984
4/21/18,0.1464192,0.302871211,0.910037934,0.002730666,0.089478579,0.037990364,0.161262371,0.001316341,0.031782383,0.294752733,0.098340588,0.11223746,0.610463867
4/22/18,0.024051622,0.435108201,0.61552432,0.014669972,0.081903154,0.073025763,0.120223434,0.023856569,0.072227615,0.333014011,0.185664043,0.123291401,1.080003423
4/23/18,0.1282423,0.657177009,0.639868065,0.06911838,0.085000568,0.272626308,0.156323478,0.094371785,0.0993426,0.117100552,0.187124388,0.128259267,1.05697283
4/24/18,0.216226408,0.925515253,0.394823291,0.072520382,0.185304726,0.274344825,0.115793191,0.094159352,0.0993426,0.278800924,0.104895139,0.089110278,0.972161718
4/25/18,0.244168707,1.102290431,0.809005579,0.051351805,0.209449802,0.27876271,0.158742608,0.093255865,0.041880168,0.588747107,0.141726803,0.04115196,1.116090853
4/26/18,0.249831449,0.068464284,0.62904428,0.031453674,0.248962749,0.064468034,0.042893126,0.02532194,0.033768365,0.637710972,0.171843375,0.022074622,0.725495399
4/27/18,0.258928585,0.303867709,0.868431698,0.012450347,0.179212478,0.213291626,0.1612764,0.010797725,0.049489444,0.345013251,0.181845807,0.073100392,0.799348945
4/28/18,0.259311,0.473422851,0.922663541,0.004775529,0.331262517,0.161350443,0.1612764,0.000245865,0.018106797,0.486589199,0.186360025,0.035636209,0.835766271
4/29/18,0.259311,0.371310331,0.863344889,0.014172471,0.330171474,0.142621007,0.1612764,0.061109567,0.070367239,0.379098551,0.184900234,0.098481638,0.767109555
4/30/18,0.259311,0.366231314,0.888507028,0.009923314,0.328120358,0.085343471,0.16127078,0.003646161,0.005682222,0.732939588,0.151815157,0.059635603,0.752988265
5/1/18,0.203247914,0.491589106,0.928759706,0.050214379,0.130661046,0.198687116,0.160858858,0.065833892,0.056157721,0.504955231,0.185208457,0.114096069,1.193262853
5/2/18,0.122331083,0.761287338,0.929007,0.065162276,0.109826857,0.259596188,0.1612764,0.070217076,0.086242067,0.687305929,0.1873056,0.1306692,1.272382717
5/3/18,0.256258574,0.606111957,0.929007,0.049874829,0.214451433,0.233383583,0.1612764,0.011753564,0.07685045,0.423262967,0.1873056,0.1306692,1.236053613
5/4/18,0.137603367,0.89617901,0.918838918,0.047198432,0.07169318,0.199235565,0.161243402,0.021084991,0.025724176,0.447110975,0.182897018,0.12784891,1.229738341
5/5/18,0.067367216,1.035040412,0.829829773,0.050166356,0.025783721,0.265618694,0.112713004,0.093173434,0.098521311,0.601294498,0.187236858,0.130277545,1.257181816
5/6/18,0,0.264589261,0.147972226,0.010132602,0,0.22577632,0.001771909,0.043887927,0.0993426,0.012729661,0.125469496,0.130554016,0.968245893
5/7/18,0.084725381,0.912767192,0.123759601,0.060524028,0.175455437,0.277149276,0.094451949,0.094338797,0.099335032,0.138829553,0.173885656,0.081902685,0.694711926
5/8/18,0.005840391,0.216795614,0.124772598,0.064415285,0.005167433,0.268895144,0.045207101,0.087255266,0.081065461,0.093729909,0.170531011,0.1306692,0.649728648
5/9/18,0.058671688,0.757155301,0.450024979,0.0727248,0.146792919,0.270432193,0.087754335,0.094372157,0.099104067,0.741408973,0.125765924,0.1306692,1.217759752
5/10/18,9.96E-06,1.159345374,0.612192795,0.0727248,0.078616734,0.278987927,0.087624823,0.0943722,0.097812449,0.499969588,0.185392267,0.1306692,1.14985999
5/11/18,0.000125351,1.035544452,0.513982688,0.064461142,0.045610725,0.256672859,0.109177615,0.09081368,0.0993426,0.631451179,0.1873056,0.1306692,1.232824233
5/12/18,0.179122787,1.104418912,0.929007,0.0727248,0.116007082,0.278501302,0.151198424,0.0943722,0.0993426,0.846231974,0.187305451,0.1306692,1.284129
5/13/18,0.015972252,0.958615317,0.71869712,0.0727248,0.035966533,0.09086355,0.161005273,0.091932261,0.0993426,0.793349177,0.1873056,0.129371674,1.284000584
5/14/18,0.115433895,1.1679132,0.906218166,0.07270316,0.024199054,0.275939631,0.161074196,0.093917721,0.097464969,0.73282633,0.170907487,0.1306692,1.284129
5/15/18,0.138761673,1.062945093,0.917885083,0.040802133,0.012652164,0.268518051,0.160876144,0.054869147,0.078448205,0.29679478,0.1873056,0.1306692,1.156733036
5/16/18,0.086244446,0.378366761,0.698114344,0.056121641,0.058126283,0.192907774,0.1612764,0.011005554,0.005053238,0.143849301,0.181363482,0.127612846,0.554999388
5/17/18,0.005864875,0.17219242,0.210293508,0.001348849,0.019386245,0.070035874,0.109194156,0,0.006362818,0.0205591,0.1873056,0.098386444,0.018052192
5/18/18,0.032148145,0.248721927,0.51424301,0.013104959,0.025867797,0.046051515,0.1612764,0.007120821,0,0.196376593,0.1873056,0.112619886,0.397811509
5/19/18,0.114225294,0.10996514,0.866011813,0.031862901,0.000155268,0.018131474,0.160706524,0.020657903,0,0.003292672,0.138124566,0,0.13082312
5/20/18,0.000517772,0.943171124,0.746778245,0.052663568,0.002214837,0.27249587,0.143090431,0.047824016,0.060970598,0.178207677,0.187129454,0.10229948,1.205113793
5/21/18,0.003895203,0.763217489,0.764487339,0.049236407,2.94E-07,0.238153291,0.1445994,0.08783567,0.067773816,0.329786376,0.179964195,0.1306692,1.22244309
5/22/18,0.010187801,0.537473678,0.342689507,0.070177995,0.02477272,0.269722544,0.08806448,0.05899757,0.098424445,0.278695479,0.185685588,0.130218085,1.145181335
5/23/18,0.080349393,1.038957344,0.147979965,0.067805142,0.129347373,0.275954704,0.007864295,0.060275105,0.099094018,0.604189853,0.180461848,0.1306692,0.905753042
5/24/18,0.179619972,0.35420078,0.607790983,0.035965266,0.232118651,0.083786831,0.114749622,0.048413069,0.094110536,0.339552691,0.18379216,0.1306692,0.722153613
5/25/18,0.243799385,0.792503916,0.749152231,0.066464267,0.196626505,0.272860041,0.16026121,0.090911599,0.0993426,0.555702863,0.18422552,0.1306692,0.924852567
5/26/18,0.033604583,0.196223035,0.083289343,0.020622265,0.047523462,0.167081406,0.143171543,0.018321656,0.081597379,0.147187958,0.185965581,0.1306692,0.452734182
5/27/18,0.157111972,0.342371299,0.460568217,0.027525683,0.130680696,0.147128956,0.103184658,0.075759907,0.028480758,0.067342552,0.184025552,0.126968937,0.361195173
5/28/18,0.034110337,0.589073213,0.301679917,0.030436512,0.059980997,0.067960297,0.03491716,0.081208289,0.025584687,0.359755309,0.163919426,0.1306692,0.524821077
5/29/18,0.253554288,0.642780834,0.433161444,0.010037893,0.251723408,0.082202052,0.10182433,0.025086765,0.034362096,0.447000868,0.118511463,0.1306692,0.462396564
5/30/18,0.127861875,0.399108013,0.302718504,0.066845054,0.19295857,0.189684227,0.060628014,0.07675028,0.035888979,0.185578823,0.148223033,0.1306692,0.613271895
5/31/18,0.086529001,0.590733718,0.129010335,0.072573493,0.050836823,0.214814645,0.045361069,0.081246333,0.000172655,0.276673593,0.070743544,0.1306692,1.001479908
6/1/18,0.000374859,0.313931773,0.258725231,0.068590528,0.092898539,0.071407092,0.027725334,0.047324553,3.34E-06,0.210488644,0.061826349,0.11609276,0.503909682
6/2/18,0.094770391,0.367736493,0.240099111,0.058675919,0.148845653,0.243880219,0.133336038,0.07318541,0.0993426,0.373994498,0.125388927,0.123696223,0.234218285
6/3/18,0.12192014,0.362245789,0.095889344,0.068755619,0.119211054,0.124685398,0.047048381,0.0943722,0.0993426,0.182599738,0.18029905,0.128996007,0.3322211
6/4/18,0.051312149,0.333623751,0.440265051,0.0727248,0.056881666,0.268234907,0.047688298,0.0943722,0.099342557,0.095774532,0.1873056,0.1306692,0.84885121
6/5/18,0.222022355,0.665587679,0.460861708,0.068815543,0.160280221,0.182955116,0.15762243,0.0943722,0.0993426,0.459413711,0.1873056,0.1306692,0.598485193
6/6/18,0.099026649,1.073290726,0.496784531,0.0727248,0.120219559,0.271786476,0.160785751,0.0943722,0.0993426,0.426470505,0.184135659,0.1306692,0.998810004
6/7/18,0.122063948,0.89112703,0.785059386,0.0727248,0.092774754,0.226784932,0.156553656,0.0943722,0.0993426,0.495322909,0.171689562,0.128500771,1.048941573
6/8/18,0.119733232,1.012525355,0.111247933,0.072706289,0.286530088,0.244013063,0.160715369,0.0943722,0.0993426,0.68705012,0.177566195,0.129426483,0.668431515
6/9/18,0.065657257,0.790041112,0.044786333,0.010661395,0.217260333,0.174647358,0.01182039,0.011582106,0.053717744,0.236305102,0.160564728,0.117259688,0.239506722
6/10/18,0.010973687,0.463356871,0.059702632,0.042733697,0.029207074,0.234153034,0.011448471,0.078234154,0.094779588,0.464868735,0.12047093,0.110958551,0.436034403
6/11/18,0.074366346,0.837999834,0.299963955,0.070822814,0.30261968,0.204346984,0.049492009,0.0943722,0.0993426,0.600788414,0.116437206,0.100881608,0.911895107
6/12/18,0.051541342,0.905519629,0.021134879,0.004384973,0.013880278,0.168731319,0.008000431,0.000467176,0.028966282,0.268851779,0.060904995,0.064209196,0.095574042
6/13/18,0.031808297,0.866236455,0.079679676,0.064162557,0.162874527,0.120803423,0.040909898,0.0943722,0.0993426,0.413205077,0.075552892,0.088687914,0.37336579
6/14/18,0.080763124,0.529377788,0.599519501,0.030891494,0.147216699,0.035875139,0.159362417,0.076588909,0.073488662,0.38417612,0.14762234,0.044834734,0.295633142
6/15/18,0.035317772,0.602411961,0.029070875,0.05564219,0.016958006,0.249415652,0.023728597,0.064077108,0.099342313,0.383208916,0.162525153,0.059145577,0.606891307
6/16/18,0.166546752,0.455748288,0.551115326,0.058675195,0.225762482,0.140227521,0.142945964,0.041156354,0.097107951,0.187501502,0.186897808,0.1306692,0.723425506
6/17/18,0.123944028,0.871172196,0.475918525,0.072127514,0.033654929,0.221816086,0.1193081,0.079578995,0.097354702,0.236267165,0.169969395,0.1306692,0.621248012
6/18/18,0.03012228,1.11206688,0.497995964,0.071417316,0.042557416,0.274991842,0.119209234,0.0943722,0.09933847,0.320119077,0.178780778,0.1306692,0.988323863
6/19/18,0.06781319,1.030531303,0.338312795,0.023127636,0.160770987,0.249816759,0.070973668,0.06105073,0.0993426,0.245482583,0.182666096,0.1306692,0.803626344
6/20/18,0.09205133,1.162559938,0.784103592,0.072171146,0.329134995,0.2790618,0.137813373,0.089997,0.092917657,0.687466917,0.17154403,0.123680129,1.061129647
6/21/18,0.057049892,1.154880377,0.711357333,0.049337828,0.171567724,0.278916907,0.146591588,0.074090839,0.077065406,0.753878744,0.155551729,0.129569056,1.184279295
6/22/18,0.087669094,0.94050386,0.473639403,0.0727248,0.040967142,0.279060948,0.086226254,0.088224132,0.0993426,0.414650647,0.147007406,0.1306692,0.860412789
6/23/18,0.001376449,0.855242442,0.244372507,0.010232774,0.035565093,0.041259334,0.08498772,0.000824874,0.024552835,0.205689663,0.130077981,0.126830633,0.526472938
6/24/18,0.127565276,0.896054341,0.484335156,0.072556712,0.179378703,0.133114334,0.13272566,0.0943722,0.0993426,0.291159778,0.122977015,0.129890978,0.770810872
6/25/18,0.157566589,0.342634347,0.584502366,0.00278205,0.072133331,0.046247476,0.072020526,0,0.026660069,0.170601989,0.124059617,0.049765477,0.279630197
6/26/18,0.03677362,0.696596732,0.299857233,0.045125186,0.081557121,0.165705675,0.121960334,0.032352863,0.087962745,0.190375291,0.122923867,0.101018017,0.250766124
6/27/18,0.04858543,0.987985367,0.445336914,0.024862698,0.207561973,0.217642429,0.055869435,0.029297215,0.064953185,0.499338452,0.082821846,0.130305732,0.523096195
6/28/18,0.063693416,0.38699343,0.145674711,0.043427223,0.001519087,0.141272878,0.062040629,0.074703709,0.04388889,0.08916192,0.122463171,0.124523708,0.177566163
6/29/18,0.031595428,0.481807335,0.181783792,0.003071408,0.077495668,0.062526397,0.015298895,0.02690405,0.097329379,0.594576053,0.149577698,0.08208195,0.40141017
6/30/18,0.063008184,0.673372706,0.476371897,0.072705033,0.04270554,0.191665494,0.025354534,0.0943722,0.099302449,0.462858111,0.087418346,0.10828225,0.886321919
7/1/18,0.024648439,0.91889725,0.42660701,0.012472873,0.093597661,0.193129628,0.074827084,0.021976493,0.019396023,0.427217282,0.089106127,0.060889391,0.152564362
7/2/18,0.175728203,1.062197677,0.040924657,0.071882232,0.319961879,0.226755553,0.042729373,0.085702176,0.099341461,0.433462344,0.097791458,0.089070893,0.842010694
7/3/18,0.058428215,0.775617091,0.122432281,0.070516443,0.170515193,0.251323173,0.028323799,0.0943722,0.0993426,0.580259286,0.091576882,0.026210402,1.025349545
7/4/18,0.006801524,1.111848198,0.019863267,0.070813377,0.070676324,0.254908209,0.008669238,0.069362193,0.099342376,0.543273116,0.077878914,0.092049606,0.468584784
7/5/18,0,0.801407683,0.001096519,0.069914271,0.104555057,0.25810027,1.61E-05,0.0943722,0.0993426,0.555733009,0.03020134,0.009027733,0.44494345
7/6/18,0,0.868752822,0.00047592,0.06995579,0.032961906,0.147839212,7.88E-05,0.092641793,0.099214387,0.384922302,0.033325398,0.009151849,0.361057433
7/7/18,0.159358213,0.779324709,0.035496614,0.003883134,0.290268256,0.215560912,0.001116467,0.04861524,0.0054069,0.602832718,0.058646018,0.041633497,0.23871909
7/8/18,0.02781791,0.642439443,0.060419232,0.048370576,0.030418499,0.101637359,0.006851844,0.061225417,0.089123408,0.379290536,0.078981049,0.068650622,0.272294944
7/9/18,0.012021864,1.01336491,0.120064735,0.049702478,0.114609253,0.270993054,0.112534048,0.073668299,0.099295019,0.388752886,0.115032192,0.087754937,0.543872531
7/10/18,0.010583193,1.033058059,0.033949508,0.013586178,0.097884853,0.158415086,0.010714289,0.074785783,0.099208851,0.194678343,0.138358426,0.011150247,0.274561122
7/11/18,0.158573094,0.723302626,0.112052883,0.072486543,0.016997049,0.198867818,0.003785523,0.066631487,0.099322322,0.180664732,0.06884738,0.017453851,0.375669181
7/12/18,0.069635927,0.699406334,0.206457304,0.031725355,0.232299097,0.136126971,0.01461775,0.063124763,0.090228965,0.387173791,0.04224213,0.016125778,0.420781982
7/13/18,0.234634124,0.900311388,0.244972838,0.015384517,0.200358605,0.251740524,0.035792103,0.09095241,0.08982227,0.457226132,0.066084864,0.041722193,0.348400489
7/14/18,0.015734988,0.462779384,0.191816965,0.0727248,0.043543483,0.196545394,0.06012861,0.0943722,0.0993426,0.254021881,0.092306331,0.125703068,0.572381822
7/15/18,0.002068762,0.91967907,0.075540715,0.0727248,0.025370277,0.195154537,0.019854174,0.0943722,0.0993426,0.364184158,0.134733112,0.117318754,0.713330105
7/16/18,0.079899746,0.983097995,0.154392922,0.024770149,0.182680636,0.087901773,0.007118171,0.075646224,0.095562046,0.523045101,0.057017245,0.040241845,0.13501715
7/17/18,0.041653448,0.756301865,0.297957078,0.032381353,0.155407836,0.265302211,0.019952873,0.092070639,0.0993426,0.221817682,0.078383209,0.017726572,0.109723743
7/18/18,0.254727656,0.632414551,0.882493464,0.06514335,0.32956265,0.189746136,0.144504217,0.09333125,0.0993426,0.721594732,0.150755899,0.099372958,1.042449602
7/19/18,0.056899756,1.068173091,0.516595324,0.052110606,0.1813717,0.27862729,0.161157884,0.08941534,0.089166843,0.461058717,0.181734338,0.129914599,0.715654062
7/20/18,0.064985481,1.12486893,0.277920664,0.072449532,0.083681855,0.265555614,0.139905407,0.0943722,0.0993426,0.60713843,0.069845172,0.003440515,0.726170518
7/21/18,0.219749386,1.098766325,0.655092384,0.064813337,0.193507487,0.275790991,0.044980489,0.051255925,0.099341248,0.536827171,0.167210747,0.014207534,0.324080737
7/22/18,0.175330289,1.167383869,0.415924244,0.0727248,0.245229818,0.278726412,0.066057699,0.0943722,0.0993426,0.693821064,0.139454536,0.111995669,1.016780527
7/23/18,0.229728932,1.141865436,0.50437553,0.071484169,0.259429921,0.279036594,0.021321065,0.0943722,0.0993426,0.75790425,1.55E-06,0.04260702,0.962678803
7/24/18,0.081169703,1.010466447,0.641034195,0.067488281,0.144632526,0.25772207,0.149223885,0.094367995,0.0993426,0.686206094,0.091930345,0.010994674,0.919537966
7/25/18,0.179032181,1.120878508,0.372738444,0.028308399,0.196514738,0.271032715,0.06277038,0.08318822,0.093034108,0.464408891,0.153469807,0.013306409,0.362604509
7/26/18,0.228455825,0.956286464,0.376640559,0.055865981,0.325878173,0.18616672,0.119978184,0.091985547,0.083815241,0.734726422,0.085187199,0.004285114,1.065099376
7/27/18,0.161732731,1.167637549,0.275345837,0.022032111,0.173843429,0.2790618,0.009757212,0.008100754,0.020251089,0.64645422,0.113229796,0.011786325,0.716889934
7/28/18,0.158435928,1.010597673,0.121619007,0.033115972,0.209021253,0.201728131,0.001981815,0.078848317,0.008187762,0.313846297,0.096267917,0.000745101,0.307929215
7/29/18,0.230875071,0.920611275,0.814471503,0.068563533,0.262726511,0.229351754,0.065181691,0.0943722,0.038564844,0.581872571,0.005994484,0.00265947,0.789545247
7/30/18,0.108051508,0.846370353,0.371903104,0.058948217,0.135294717,0.248086853,0.152647986,0.047907879,0.013934603,0.47829315,0.136846083,0.057601795,0.86984725
7/31/18,0.218444771,0.689740376,0.633818139,0.058230211,0.183858198,0.195731641,0.151475235,0.046594067,0.001658803,0.726470268,0.12518931,0.119425179,0.981757039
8/1/18,0.008042232,0.843394313,0.196358412,0.059623011,0.188727092,0.210404531,0.004837934,0.057116213,0.096945622,0.315895625,0.130383756,0.022236071,0.975945466
8/2/18,0.042063819,0.611158657,0.319149488,0.027343488,0.033757135,0.097912741,0.028666569,0.026106485,0.095211681,0.360792044,0.072860294,0.047257056,0.65559834
8/3/18,0,0.506509673,0.038298374,0.018365715,0.035444378,0.148068772,0.001328996,0.051335855,0.000754038,0.113552655,0.005151085,0.061679832,0.058060079
8/4/18,0.05339373,0.877851938,0.324006502,0.031324365,0.040662429,0.273578674,0.125896597,0.094327365,0.099341855,0.398883286,0.085917393,0.052332225,0.178960841
8/5/18,0.184561589,1.102473432,0.180592392,0.072308226,0.209871751,0.2790618,0.130515152,0.0943722,0.098858338,0.529307364,0.041434083,0.046127251,0.666690623
8/6/18,0.106543668,1.049507352,0.599766198,0.045053585,0.112082273,0.246792031,0.117992085,0.088118336,0.069648179,0.683454993,0.100516128,0.027840548,0.626311147
8/7/18,0.160710281,1.165317638,0.103404404,0.071849862,0.202830862,0.2790618,0,0.094166761,0.099341983,0.823903409,0.003986468,0.020902176,0.977096948
8/8/18,0.076001953,1.1679132,0.233123069,0.053329288,0.277808555,0.261096407,0.041074715,0.046344469,0.063351833,0.827362882,8.87E-05,0.019340202,0.761195624
8/9/18,0.135321861,1.002524094,0.512011363,0.063137239,0.250627106,0.148082621,0.002017677,0.061520702,0.05878733,0.545161839,0.001646339,0.005941419,0.867623991
8/10/18,0.154984801,1.066978093,0.646425437,0.061072306,0.240124318,0.2790618,0.127515502,0.09436609,0.099258668,0.652949385,0.142942824,0.127620404,0.868886858
8/11/18,0.002021774,1.075359427,0.324045078,0.0727248,0.024744796,0.228420826,0.000209364,0.0943722,0.0993426,0.262991879,0.028599083,0.039307452,0.624860383
8/12/18,0.000148545,1.166949742,0.05330149,0.0727248,0.066742722,0.278245663,0,0.0943722,0.0993426,0.780758655,0.026591245,0.037000074,0.95156438
8/13/18,0.222521222,1.151169097,0.110707244,0.065722455,0.331119987,0.254771959,0.000537033,0.09379698,0.0993426,0.867786298,0.033892081,0.032451306,1.169142771
8/14/18,0.018484668,1.13288588,0.076079509,0.069021749,0.055912662,0.243248402,0.002437859,0.094127482,0.069103701,0.710726325,0.106795443,0.037898667,1.002531928
8/15/18,0.101792013,1.133386939,0.399580205,0.046397425,0.064228058,0.234494233,0.133291651,0.093777692,0.098319458,0.640683691,0.017878902,0.068810306,0.585868273
8/16/18,0.083285362,0.202891621,0.049499529,0.024233021,0.043936173,0.018024422,0.001505163,0.01899142,0.000187387,0.229973948,0.010975774,0.003968507,0.136211456
8/17/18,0.049089747,0.156018289,0.093195277,0.047867989,0.011212162,0.077464948,1.05E-06,0.06369613,0.060664088,0.077202874,0.018001347,0.00758753,0.230311593
8/18/18,0.133954741,0.618716104,0.034281873,0.034978206,0.199565779,0.175207643,0.000565252,0.031187311,0.026611009,0.207764197,0.007813427,0.000223621,0.674425152
8/19/18,0.00430797,0.775407947,5.74E-05,0.031142974,0.013906036,0.169938771,7.43E-05,0.052402633,0.038206618,0.252739279,0.070298411,0.00604113,0.097571669
8/20/18,0.01842953,0.771753466,0.103296926,0.035782254,7.19E-06,0.074820038,0.00100954,0.075513683,0.0822215,0.166103929,0.075777391,0.042149821,0.21065621
8/21/18,0.142379355,0.30494649,0.213939558,0.003196471,0.094980854,0.033773246,0.04848518,0,0.007049868,0.170036423,0.129494171,0.017022073,0.223384536
8/22/18,0.008158061,0.273646842,0.00374864,0.005802159,0.040221969,0.051148569,0,0.0201181,0.051387167,0.207165059,0.062454648,0.013340481,0.000409234
8/23/18,0.017994681,0.503173975,0.215690712,0.062134652,0.072764909,0.08975391,0.133689639,0.085259949,0.094875239,0.520223959,0.028607529,0.023967272,0.14271866
8/24/18,0.056496068,0.788162139,0.513632993,0.007797599,0.066727426,0.11545775,0.011647863,0.014712216,0.026842288,0.397486042,0.072571976,0.040371788,0.608371706
8/25/18,0.174271925,0.451981912,0.13338958,0.00307284,0.200297761,0.129373015,0.016520049,0.023148542,0.093038302,0.44585062,0.093003633,0.010564807,0.110256651
8/26/18,0.143288398,0.231966945,0.044127543,0.054919916,0.222763215,0.134318497,0.004691324,0.068633319,0.006177393,0.162950572,0.067784279,0,0.416123765
8/27/18,0.031948422,0.584837201,0.033812047,0.015135764,0.028674441,0.063726749,0,0.008681263,0.094414054,0.455281845,0.000498004,0.047385563,0.256792163
8/28/18,0.036035408,0.079969415,0.105222416,0,0.033094758,0.008575809,0.064601288,0,6.78E-06,0.067222115,0.018821945,0.107706477,0.26662292
8/29/18,0.166056508,0.473761602,0.029199309,0.00036765,0.237886922,0.184151476,0,0.028858128,0.022140412,0.242033946,0,0.000109971,0.097945292
8/30/18,0.010085362,0.947023082,0.168821212,0.038951847,0.163653984,0.250130901,0.066567913,0.093542885,0.099340333,0.698871425,0.168986638,0.008901171,0.745601641
8/31/18,0.119276422,1.090565438,0.376618759,0.053882266,0.173406727,0.213925146,0.079035261,0.094343236,0.064209042,0.417484221,0.091071214,0.106696193,0.605548095
9/1/18,0.160929261,0.412592676,0.21522099,0.056146842,0.32709942,0.087606871,0.069895484,0.092819589,0.090643719,0.488921842,0.096116455,0.060972322,1.005409698
9/2/18,0.015962937,0.81190268,0.064023737,0.05183949,0.03541654,0.185878466,0.073597689,0.094173307,0.0993426,0.383798538,0.104107231,0.048863018,0.515848716
9/3/18,0.001777313,1.103035038,0.117722203,0.061737536,0.006739785,0.254731893,0.05604549,0.085400893,0.098816994,0.285389931,0.112682912,0.003923593,0.263187696
9/4/18,0.075779924,1.083371267,0.061121633,0.072082807,0.186239444,0.24445677,0.000947974,0.0943722,0.0993426,0.606668836,0.012344568,0.08514899,0.709548444
9/5/18,0.065304061,0.833297677,0.211542325,0.032222981,0.04034123,0.236657521,0.043265834,0.056335649,0.052498988,0.345632571,0.047349472,0.103735577,0.854353241
9/6/18,0.141822029,0.926803667,0.260311884,0.00879326,0.141160226,0.186250173,0.129608685,0.035614372,0.04015511,0.627957601,0.078077786,0.023933824,0.686398121
9/7/18,0.000251738,1.121517095,0.119052216,0.065840609,0.051003591,0.249793299,0.090967302,0.091140712,0.0993426,0.634429689,0.095197236,0.015921009,1.025808197
9/8/18,0,1.160158787,0.175966556,0.062674021,0.0799487,0.2790618,0.010182028,0.092779225,0.097607478,0.741012827,0.097740917,0.104343805,1.125567296
9/9/18,0.003567712,1.153711352,0.140179748,0.041431999,0.103092402,0.2790618,0,0.072204857,0.09431357,0.509962461,0.008178129,0.006394163,1.010415523
9/10/18,6.49E-06,0.537983849,0.17425038,0.03887027,0.043825739,0.237593346,0.100036219,0.04706801,0.062964707,0.127138196,0.14252857,0.117066415,0.711768212
9/11/18,0.067875476,0.845547659,0.249259838,0.034292321,0.080732292,0.241050009,0.051087491,0.003634008,0.008736212,0.294169285,0.155217426,0.066118894,0.743920402
9/12/18,0.080959825,0.681206911,0.285864848,0.04053008,0.18028187,0.235733725,0.014955004,0.018142135,0.008297966,0.173823109,0.139291206,0.115574094,0.873163149
9/13/18,0.013333994,0.549462188,0.344813964,0.03365321,0.114175882,0.177994179,0.000662551,0.021576493,0,0.112381193,0.042410527,0.001021084,0.284472138
9/14/18,0.000579875,0.545321891,0.233314819,0.025947634,0.021186214,0.028085777,0.135871629,0.05478935,0.093876921,0.31549373,0.154175465,0.13010438,0.71937837
9/15/18,0.026244102,0.596713006,0.296913488,0.017428517,0.088735527,0.05232082,0.071039803,0.03888723,0.037264958,0.32504047,0.155700135,0.057751255,0.645275785
9/16/18,0.004269183,0.524402023,0.011313012,0.058064247,0.048499007,0.259128042,0.006949608,0.048216805,0.0993426,0.100356949,0.039377543,0.018631921,0.855783951
9/17/18,0.029199213,0.846784213,0.188014952,0.007424703,0.048662837,0.206454388,0.0597761,0.032385084,0.015487125,0.478175464,0.114183003,0.031685965,0.75965651
9/18/18,0.000751965,0.806031838,0.405791459,0.0687643,0.031174876,0.22859876,0.074177342,0.092148611,0.0993426,0.495440979,0.17618462,0.119677444,1.151435891
9/19/18,0.12767318,0.696149023,0.387064152,0.070451852,0.090383939,0.278725688,0.144488037,0.093414703,0.0993426,0.296345964,0.026506229,0.124307773,1.18643247
9/20/18,0.020766886,1.01446598,0.616260027,0.063356356,0.123791609,0.258353141,0.142779579,0.0943722,0.099274294,0.658048328,0.158981247,0.080165817,1.150407459
9/21/18,0.003674144,1.124980995,0.729753723,0.0727248,0.085918377,0.254309241,0.09880024,0.0943722,0.0993426,0.564247527,0.179771933,0.1306692,1.051560554
9/22/18,0.070588033,0.92398508,0.868866931,0.072367979,0.097844521,0.256472444,0.1612764,0.0943722,0.0993426,0.742914877,0.187267876,0.1306692,1.246686138
9/23/18,0.177490331,1.163921416,0.903819314,0.0727248,0.189919088,0.2790618,0.110080782,0.0943722,0.0993426,0.840479244,0.186465129,0.128125796,1.281383903
9/24/18,0.142262606,1.1679132,0.846827302,0.0727248,0.287022206,0.276231291,0.15675851,0.0943722,0.0993426,0.871826452,0.180974275,0.1306692,1.284129
9/25/18,0.133955358,1.062781508,0.856824049,0.070326816,0.080990981,0.204976799,0.141040678,0.084927126,0.0993426,0.820303259,0.131032232,0.127849464,1.279440978
9/26/18,0.144874401,0.528294515,0.731777631,0.0727248,0.243051989,0.205520799,0.159506087,0.0943722,0.0993426,0.390377795,0.1873056,0.130668774,0.940598809
9/27/18,0.066089063,0.571881955,0.242563597,0.0727248,0.150875565,0.209056273,0.101377323,0.0943722,0.0993426,0.304505977,0.1873056,0.118881063,0.863237933
9/28/18,0.121490974,0.711342601,0.711558685,0.0727248,0.105632528,0.275135373,0.074418063,0.0943722,0.0993426,0.593639632,0.1873056,0.1306692,1.283576677
9/29/18,0.145088644,0.825305763,0.600578419,0.071910956,0.123594366,0.230355107,0.160463349,0.081355833,0.0993426,0.484642655,0.1873056,0.130423961,1.273328973
9/30/18,0.01103734,0.687725792,0.563499088,0.070468197,0.025264233,0.139274186,0.033010395,0.090547748,0.0993426,0.404543366,0.178042729,0.130221746,1.170349009